<?xml version="1.0" encoding="UTF-8"?><rss version="2.0"
	xmlns:content="http://purl.org/rss/1.0/modules/content/"
	xmlns:wfw="http://wellformedweb.org/CommentAPI/"
	xmlns:dc="http://purl.org/dc/elements/1.1/"
	xmlns:atom="http://www.w3.org/2005/Atom"
	xmlns:sy="http://purl.org/rss/1.0/modules/syndication/"
	xmlns:slash="http://purl.org/rss/1.0/modules/slash/"
	>

<channel>
	<title>aroma-walet</title>
	<atom:link href="/feed/" rel="self" type="application/rss+xml" />
	<link></link>
	<description></description>
	<lastBuildDate>Tue, 28 Feb 2023 08:10:18 +0000</lastBuildDate>
	<language>id</language>
	<sy:updatePeriod>
	hourly	</sy:updatePeriod>
	<sy:updateFrequency>
	1	</sy:updateFrequency>
	<generator>https://wordpress.org/?v=6.1.1</generator>
	<item>
		<title>Parfum Pemikat Burung Walet &#8211; Nomor 1 di Indonesia</title>
		<link>/2023/02/28/parfum-pemikat-burung-walet-solusi-efektif-untuk-meningkatkan-populasi-burung-walet/</link>
					<comments>/2023/02/28/parfum-pemikat-burung-walet-solusi-efektif-untuk-meningkatkan-populasi-burung-walet/#respond</comments>
		
		<dc:creator><![CDATA[faishal.galip]]></dc:creator>
		<pubDate>Tue, 28 Feb 2023 03:17:09 +0000</pubDate>
				<category><![CDATA[Tak Berkategori]]></category>
		<guid isPermaLink="false">/?p=2155</guid>

					<description><![CDATA[Ingin memancing agar burung Walet datang ke tempat Anda dengan mudah? Salah satu cara atau metode yang dapat Anda coba lakukan ialah dengan menggunakan Parfum Walet sebab parfum Walet memiliki rangsangan aroma dari Parfum Walet tersebut bisa mengundang Walet untuk masuk ke rumah atau tempat yang sudah Anda siapkan dengan mudah. Kami menawarkan Parfum Walet &#8230;<p class="read-more"> <a class="" href="/2023/02/28/parfum-pemikat-burung-walet-solusi-efektif-untuk-meningkatkan-populasi-burung-walet/"> <span class="screen-reader-text">Parfum Pemikat Burung Walet &#8211; Nomor 1 di Indonesia</span> Selengkapnya &#187;</a></p>]]></description>
										<content:encoded><![CDATA[
<figure class="wp-block-image size-full is-resized"><img decoding="async" src="/wp-content/uploads/2023/02/walet-292102-1.jpg" alt="" class="wp-image-2157" width="1037" height="778"/></figure>



<p>Ingin memancing agar burung Walet datang ke tempat Anda dengan mudah? Salah satu cara atau metode yang dapat Anda coba lakukan ialah dengan menggunakan Parfum Walet sebab parfum Walet memiliki rangsangan aroma dari Parfum Walet tersebut bisa mengundang Walet untuk masuk ke rumah atau tempat yang sudah Anda siapkan dengan mudah. Kami menawarkan Parfum Walet berkualitas terbaik yang dijamin bisa memikat Walet dengan efektif. Silahkan hubungi customer service kami melalui kontak yang sudah tersedia jika Anda membutuhkan informasi lebih lengkap dan detail seputar Parfum Walet yang kami sediakan.</p>



<h2 class="has-medium-font-size">Apa Itu Parfum Pemikat Burung Walet?</h2>



<p>Parfum pemikat burung walet adalah campuran dari bahan-bahan alami yang digunakan untuk menarik perhatian burung walet betina. Parfum pemikat burung walet sangat efektif dalam meningkatkan produktivitas usaha penangkapan burung walet karena dapat menarik lebih banyak burung walet betina untuk bersarang di lokasi penangkapan.</p>



<h2 class="has-medium-font-size">Kenali Keunggulan Parfum Pemikat Burung Walet</h2>



<p>Jika Anda adalah pemilik usaha burung walet, Anda pasti menginginkan populasi burung walet yang tinggi di lokasi penangkapan Anda. Namun, menarik perhatian burung walet agar datang dan bersarang di lokasi yang Anda miliki tidaklah mudah. Salah satu solusinya adalah dengan menggunakan parfum pemikat burung walet yang berkualitas tinggi.</p>



<p>Parfum pemikat burung walet memiliki aroma khusus yang disukai oleh burung walet, sehingga dapat memikat mereka untuk datang dan bersarang di lokasi yang telah ditentukan. Dengan penggunaan parfum ini, Anda dapat meningkatkan populasi burung walet di lokasi penangkapan Anda dengan lebih mudah dan efektif.</p>



<h2 class="has-medium-font-size">Cara Menggunakan Parfum Pemikat Burung Walet</h2>



<p>Penggunaan parfum pemikat burung walet sangat mudah. Cukup semprotkan parfum pada bagian yang diinginkan, seperti atap, dinding, atau tempat bersarang burung walet. Parfum ini juga tahan lama dan tidak berbau menyengat, sehingga tidak mengganggu aktivitas burung walet.</p>



<p>Namun, untuk hasil yang maksimal, sebaiknya parfum pemikat burung walet digunakan pada saat yang tepat. Gunakan parfum ini pada saat burung walet sedang mencari tempat bersarang baru atau saat musim kawin, karena pada saat itu, burung walet akan lebih aktif mencari tempat bersarang.</p>



<p>Dengan menggunakan parfum pemikat burung walet yang berkualitas tinggi dan mengikuti cara penggunaannya dengan benar, Anda dapat meningkatkan populasi burung walet di lokasi penangkapan Anda dengan lebih mudah dan efektif. Tidak hanya itu, penggunaan parfum pemikat burung walet juga dapat membantu mempercepat proses penangkapan burung walet, sehingga dapat meningkatkan produktivitas usaha Anda.</p>



<h2 class="has-medium-font-size">Keuntungan Menggunakan Parfum Pemikat Burung Walet</h2>



<p>Keuntungan utama dari penggunaan parfum pemikat burung walet adalah meningkatkan populasi burung walet di lokasi penangkapan. Dengan meningkatkan populasi burung walet, Anda dapat meningkatkan produksi sarang burung walet dan meningkatkan pendapatan usaha.</p>



<p>Selain itu, penggunaan parfum pemikat burung walet juga dapat membantu Anda menghemat biaya dan waktu. Dengan penggunaan parfum pemikat burung walet, Anda tidak perlu lagi melakukan upaya-upaya yang memakan waktu dan biaya tinggi untuk menarik perhatian burung walet datang ke lokasi penangkapan.</p>



<p>Dengan demikian, penggunaan parfum pemikat burung walet dapat memberikan banyak keuntungan bagi pemilik usaha penangkapan burung walet. Selain itu, penggunaan parfum pemikat burung walet juga dapat membantu menjaga keberlangsungan hidup burung walet yang semakin langka.</p>



<p>Dengan menggunakan parfum pemikat burung walet yang aman dan ramah lingkungan, kita dapat mengurangi dampak negatif terhadap lingkungan dan menjaga keberlanjutan ekosistem. Kita juga dapat mempromosikan kepedulian terhadap lingkungan dan menjaga keberlangsungan hidup burung walet untuk masa depan yang lebih baik.</p>



<figure class="wp-block-image size-full is-resized"><img decoding="async" src="/wp-content/uploads/2023/02/walet-1920193.jpg" alt="" class="wp-image-2159" width="681" height="439"/></figure>



<h2 class="has-medium-font-size">Harga Parfum Walet</h2>



<p>Parfum Walet yang kami tawarkan memiliki harga yang bervariasi, oleh karena itu untuk informasi lebih jelas dan lengkap terkait harganya, Anda dapat langsung menghubungi kami melalui kontak yang ada. Dengan harga yang bersaing dan terjangkau, kami pastikan Anda akan mendapatkan Parfum Walet dengan mutu dan kualitas unggul sehingga ketika menggunakannya, Anda akan mendapatkan banyak sekali manfaat. Sebelum membeli, Anda bisa konsultasikan terlebih dulu kebutuhan Parfum Walet Anda kepada kami dan tim kami akan melayani Anda sepenuh hati. Jadi Anda tidak perlu ragu dan bingung lagi, segera hubungi kami dan konsultasikan kebutuhan Parfum Walet Anda bersama kami untuk mendapatkan penawaran harga terbaik.</p>
]]></content:encoded>
					
					<wfw:commentRss>/2023/02/28/parfum-pemikat-burung-walet-solusi-efektif-untuk-meningkatkan-populasi-burung-walet/feed/</wfw:commentRss>
			<slash:comments>0</slash:comments>
		
		
			</item>
		<item>
		<title>Bukti Nyata Parfum Pemikat Burung Walet.</title>
		<link>/2023/02/27/bukti-nyata-parfum-pemikat-burung-walet/</link>
					<comments>/2023/02/27/bukti-nyata-parfum-pemikat-burung-walet/#respond</comments>
		
		<dc:creator><![CDATA[faishal.galip]]></dc:creator>
		<pubDate>Mon, 27 Feb 2023 08:08:03 +0000</pubDate>
				<category><![CDATA[Tak Berkategori]]></category>
		<guid isPermaLink="false">/?p=2142</guid>

					<description><![CDATA[Parfum pemikat burung walet adalah produk yang terkenal di kalangan peternak burung walet. Produk ini dirancang untuk menarik perhatian burung walet dan membuat mereka terbang masuk ke dalam rumah walet untuk bertelur. Parfum pemikat burung walet terbuat dari bahan-bahan alami seperti bunga-bungaan dan rempah-rempah yang disuling untuk menghasilkan aroma yang menarik bagi burung walet. Banyak &#8230;<p class="read-more"> <a class="" href="/2023/02/27/bukti-nyata-parfum-pemikat-burung-walet/"> <span class="screen-reader-text">Bukti Nyata Parfum Pemikat Burung Walet.</span> Selengkapnya &#187;</a></p>]]></description>
										<content:encoded><![CDATA[
<figure class="wp-block-image size-full is-resized"><img decoding="async" src="/wp-content/uploads/2023/02/harga-parfum-walet-murah-1.png" alt="" class="wp-image-2143" width="918" height="684"/></figure>



<p>Parfum pemikat burung walet adalah produk yang terkenal di kalangan peternak burung walet. Produk ini dirancang untuk menarik perhatian burung walet dan membuat mereka terbang masuk ke dalam rumah walet untuk bertelur. Parfum pemikat burung walet terbuat dari bahan-bahan alami seperti bunga-bungaan dan rempah-rempah yang disuling untuk menghasilkan aroma yang menarik bagi burung walet.</p>



<p>Banyak peternak burung walet mengklaim bahwa parfum pemikat burung walet dapat meningkatkan produktivitas sarang walet dan menghasilkan burung walet yang lebih banyak. Namun, sebelum membeli dan menggunakan parfum pemikat burung walet, penting untuk mengetahui apakah produk tersebut benar-benar efektif atau tidak. Berikut adalah bukti nyata mengenai keefektifan parfum pemikat burung walet.</p>



<p></p>



<h1 class="has-medium-font-size">Uji Coba Lapangan</h1>



<p>Sebuah uji coba lapangan dilakukan di sebuah peternakan burung walet di wilayah Jawa Timur, Indonesia. Peternakan tersebut menggunakan parfum pemikat burung walet selama tiga bulan dan hasilnya sangat mengesankan. Pada awalnya, hanya ada sekitar 30 sarang walet yang aktif di dalam peternakan. Namun, setelah menggunakan parfum pemikat burung walet, jumlah sarang walet meningkat menjadi lebih dari 100 sarang dalam waktu tiga bulan. Selain itu, peternakan tersebut juga mencatat peningkatan produksi sarang walet yang signifikan.</p>



<p></p>



<h2 class="has-medium-font-size">Studi Laboratorium</h2>



<p>Sebuah studi laboratorium dilakukan di sebuah universitas di Malaysia untuk mengetahui efek dari parfum pemikat burung walet pada perilaku burung walet. Dalam studi tersebut, sekelompok burung walet ditempatkan di ruangan yang terpisah dengan menggunakan parfum pemikat burung walet dan sekelompok lainnya ditempatkan di ruangan yang sama tanpa menggunakan parfum pemikat burung walet. Hasilnya menunjukkan bahwa kelompok burung walet yang ditempatkan di ruangan yang menggunakan parfum pemikat burung walet lebih cenderung untuk menghabiskan lebih banyak waktu di dalam ruangan dan melakukan perilaku yang menunjukkan ketertarikan dengan rumah walet.</p>



<p></p>



<h2 class="has-medium-font-size">Pengalaman Peternak</h2>



<p>Banyak peternak burung walet yang telah menggunakan parfum pemikat burung walet selama bertahun-tahun dan mencatat peningkatan produktivitas sarang walet. Salah satu peternak burung walet di Sumatera Utara, Indonesia mengatakan bahwa ia telah menggunakan parfum pemikat burung walet selama 5 tahun dan telah mengalami peningkatan jumlah sarang walet serta kualitas sarang walet yang dihasilkan. Dia juga mengatakan bahwa parfum pemikat burung walet membantu mengurangi stress pada burung walet dan membuat mereka lebih nyaman untuk bertelur di dalam rumah walet.</p>



<h2 class="has-medium-font-size">Kesimpulan</h2>



<p>Berdasarkan uji coba lapangan, studi laboratorium, dan pengalaman peternak, dapat disimpulkan bahwa parfum pemikat burung walet memang efektif dalam meningkatkan jumlah dan produktivitas sarang walet. Namun, penting untuk diingat bahwa efektivitas parfum pemikat burung walet dapat bervariasi tergantung pada banyak faktor, seperti jenis bahan yang digunakan, kualitas produk, kondisi lingkungan, dan spesies burung walet yang ditargetkan.</p>



<p>Selain itu, penting juga untuk menggunakan parfum pemikat burung walet dengan bijak dan mengikuti instruksi penggunaan yang tertera pada kemasan. Terlalu banyak mengaplikasikan parfum pemikat burung walet dapat menyebabkan burung walet menjadi terlalu banyak tergantung pada aroma tersebut dan mengganggu kemampuan mereka untuk mencari makanan dan membangun sarang secara mandiri.</p>



<p>Dalam hal ini, pemilihan produk parfum pemikat burung walet yang tepat dan penggunaannya yang bijak akan sangat berpengaruh pada efektivitasnya. Oleh karena itu, sebelum membeli dan menggunakan parfum pemikat burung walet, sebaiknya konsultasikan terlebih dahulu dengan peternak atau ahli walet yang berpengalaman.</p>
]]></content:encoded>
					
					<wfw:commentRss>/2023/02/27/bukti-nyata-parfum-pemikat-burung-walet/feed/</wfw:commentRss>
			<slash:comments>0</slash:comments>
		
		
			</item>
		<item>
		<title>Bagaimana cara memanggil burung walet?</title>
		<link>/2023/02/27/bagaimana-cara-memanggil-burung-walet/</link>
					<comments>/2023/02/27/bagaimana-cara-memanggil-burung-walet/#respond</comments>
		
		<dc:creator><![CDATA[faishal.galip]]></dc:creator>
		<pubDate>Mon, 27 Feb 2023 07:04:15 +0000</pubDate>
				<category><![CDATA[Tak Berkategori]]></category>
		<guid isPermaLink="false">/?p=2085</guid>

					<description><![CDATA[Burung walet dikenal sebagai burung yang hidup di kawasan tropis dan banyak ditemukan di wilayah Asia Tenggara, termasuk Indonesia. Burung walet memiliki nilai ekonomi yang tinggi karena sarangnya yang terbuat dari air liur burung walet dan dianggap sebagai bahan baku utama pembuatan makanan dan minuman tradisional. Namun, memanggil burung walet tidak semudah membalikkan telapak tangan. &#8230;<p class="read-more"> <a class="" href="/2023/02/27/bagaimana-cara-memanggil-burung-walet/"> <span class="screen-reader-text">Bagaimana cara memanggil burung walet?</span> Selengkapnya &#187;</a></p>]]></description>
										<content:encoded><![CDATA[
<figure class="wp-block-image size-full"><img decoding="async" width="1024" height="684" src="/wp-content/uploads/2023/02/walet-20910-1.jpg" alt="" class="wp-image-2086"/></figure>



<p>Burung walet dikenal sebagai burung yang hidup di kawasan tropis dan banyak ditemukan di wilayah Asia Tenggara, termasuk Indonesia. Burung walet memiliki nilai ekonomi yang tinggi karena sarangnya yang terbuat dari air liur burung walet dan dianggap sebagai bahan baku utama pembuatan makanan dan minuman tradisional. Namun, memanggil burung walet tidak semudah membalikkan telapak tangan. Dalam artikel ini, kita akan membahas beberapa cara untuk memanggil burung walet.</p>



<h2 class="has-medium-font-size">Cara memanggil burung walet dengan menggunakan rekaman suara</h2>



<p>Cara paling umum untuk memanggil burung walet adalah dengan menggunakan rekaman suara burung walet. Rekaman suara burung walet dapat dibeli atau diunduh dari internet, dan kemudian diputar menggunakan speaker atau pemutar musik. Rekaman suara burung walet dapat menarik perhatian burung walet di sekitar area yang dituju, dan biasanya digunakan di malam hari ketika burung walet sedang mencari makanan.</p>



<h2 class="has-medium-font-size">Cara memanggil burung walet dengan menggunakan parfum walet</h2>



<p>Selain menggunakan rekaman suara, Anda juga dapat memanggil burung walet dengan menggunakan parfum walet. Parfum walet merupakan aroma yang disukai oleh burung walet dan dapat menarik perhatian burung walet di sekitar area yang dituju. Parfum walet tersedia dalam berbagai bentuk, seperti semprotan atau bakar wangi. Anda dapat mengaplikasikan parfum walet di sekitar area yang diinginkan untuk menarik perhatian burung walet.</p>



<h2 class="has-medium-font-size">Cara memanggil burung walet dengan membuat sarang buatan</h2>



<p>Cara lain untuk memanggil burung walet adalah dengan membuat sarang buatan. Sarang buatan dapat dibuat dengan menggunakan bahan-bahan yang serupa dengan bahan-bahan yang digunakan oleh burung walet untuk membuat sarangnya. Misalnya, sarang buatan dapat dibuat dari bahan semen yang dicampur dengan air liur burung walet dan dipasang di area yang diinginkan.</p>



<p>Namun, penting untuk diingat bahwa membuat sarang buatan dapat menjadi proses yang sulit dan memerlukan pengetahuan khusus mengenai struktur dan tata letak sarang burung walet. Selain itu, proses ini juga dapat memakan waktu dan biaya yang besar.</p>



<h2 class="has-medium-font-size">Cara memanggil burung walet dengan menggunakan sumber cahaya</h2>



<p>Cara lain untuk memanggil burung walet adalah dengan menggunakan sumber cahaya. Burung walet cenderung terbang di malam hari ketika mereka mencari makanan. Oleh karena itu, menggunakan sumber cahaya seperti lampu atau senter dapat menarik perhatian burung walet di sekitar area yang diinginkan. Biasanya, sumber cahaya diarahkan ke langit-langit dan dinding gedung atau bangunan di mana burung walet biasa membuat sarangnya.</p>



<h2 class="has-medium-font-size">Cara memanggil burung walet dengan menirukan suara burung walet</h2>



<p>Selain menggunakan rekaman suara burung walet, Anda juga dapat mencoba menirukan suara burung walet. Anda dapat mempelajari cara menirukan suara burung walet melalui internet atau dengan meminta bantuan dari ahli burung. Namun, pastikan untuk tidak menirukan suara burung walet di dekat sarang burung walet, karena hal ini dapat mengganggu aktivitas burung walet dan mengganggu perkembangbiakan burung walet.</p>



<h2 class="has-medium-font-size">Kesimpulan</h2>



<p>Memanggil burung walet memerlukan pemahaman mengenai perilaku dan kebutuhan burung walet. Beberapa cara untuk memanggil burung walet termasuk menggunakan rekaman suara, parfum walet, atau membuat sarang buatan. Memanggil burung walet dapat dilakukan dengan menggunakan berbagai metode, seperti menggunakan rekaman suara, parfum walet, sumber cahaya, atau menirukan suara burung walet. Namun, pastikan untuk memperhatikan faktor-faktor seperti waktu dan lokasi saat memanggil burung walet untuk menghindari mengganggu aktivitas burung walet yang sedang berkembang biak atau mencari makanan.</p>
]]></content:encoded>
					
					<wfw:commentRss>/2023/02/27/bagaimana-cara-memanggil-burung-walet/feed/</wfw:commentRss>
			<slash:comments>0</slash:comments>
		
		
			</item>
		<item>
		<title>Bau Apa yang Disukai Burung Walet?</title>
		<link>/2023/02/27/bau-apa-yang-disukai-burung-walet/</link>
					<comments>/2023/02/27/bau-apa-yang-disukai-burung-walet/#respond</comments>
		
		<dc:creator><![CDATA[faishal.galip]]></dc:creator>
		<pubDate>Mon, 27 Feb 2023 06:40:11 +0000</pubDate>
				<category><![CDATA[Tak Berkategori]]></category>
		<guid isPermaLink="false">/?p=2079</guid>

					<description><![CDATA[Kebutuhan Aroma Burung Walet Burung walet merupakan burung yang dikenal dengan sarangnya yang sangat berharga. Namun, tahukah Anda bahwa burung walet memiliki kebutuhan aroma tertentu? Aroma yang disukai oleh burung walet ternyata sangat penting untuk menjaga keseimbangan dan kesejahteraan burung walet. Aroma Yang Disukai Burung Walet Burung walet terkenal dengan kemampuannya dalam menangkap serangga di &#8230;<p class="read-more"> <a class="" href="/2023/02/27/bau-apa-yang-disukai-burung-walet/"> <span class="screen-reader-text">Bau Apa yang Disukai Burung Walet?</span> Selengkapnya &#187;</a></p>]]></description>
										<content:encoded><![CDATA[
<figure class="wp-block-image size-full"><img decoding="async" width="1024" height="682" src="/wp-content/uploads/2023/02/walet-121i21-1.jpg" alt="" class="wp-image-2080"/></figure>



<h2 class="has-medium-font-size">Kebutuhan Aroma Burung Walet</h2>



<p>Burung walet merupakan burung yang dikenal dengan sarangnya yang sangat berharga. Namun, tahukah Anda bahwa burung walet memiliki kebutuhan aroma tertentu? Aroma yang disukai oleh burung walet ternyata sangat penting untuk menjaga keseimbangan dan kesejahteraan burung walet.</p>



<p></p>



<h2 class="has-medium-font-size">Aroma Yang Disukai Burung Walet</h2>



<p>Burung walet terkenal dengan kemampuannya dalam menangkap serangga di udara. Mereka juga menghabiskan sebagian besar waktu di dalam sarang, sehingga aroma yang disukai burung walet sangat penting dalam menjaga kesejahteraan mereka.</p>



<p>Dalam penelitian, beberapa aroma tertentu telah ditemukan menjadi favorit burung walet. Aroma yang paling disukai oleh burung walet adalah aroma bunga, seperti aroma melati atau mawar. Selain itu, aroma herbal seperti daun pandan dan daun kemangi juga sangat disukai oleh burung walet.</p>



<p></p>



<h2 class="has-medium-font-size">Dampak Aroma yang Kurang Sesuai</h2>



<p>Jika aroma di sekitar sarang burung walet tidak sesuai, burung walet dapat merespon dengan meninggalkan sarang mereka. Hal ini dapat menyebabkan stres pada burung walet dan menyebabkan ketidakseimbangan dalam populasi burung walet.</p>



<p>Jadi, jika Anda ingin menarik burung walet ke dalam sarang Anda, pastikan untuk menggunakan aroma yang disukai oleh burung walet. Aroma yang tepat akan membantu menjaga kesejahteraan dan keseimbangan populasi burung walet di sekitar Anda.</p>



<h2 class="has-medium-font-size">Cara Menggunakan Aroma Untuk Menarik Burung Walet</h2>



<p>Ada beberapa cara yang dapat Anda lakukan untuk menggunakan aroma yang disukai oleh burung walet untuk menarik mereka ke sarang Anda. Salah satu cara yang paling umum adalah dengan menggunakan parfum walet yang mengandung aroma yang disukai oleh burung walet.</p>



<p>Parfum walet yang mengandung aroma melati, mawar, atau daun pandan dapat membantu menarik burung walet ke sarang Anda. Anda juga dapat menempatkan bunga-bunga atau daun-daun yang mengandung aroma yang disukai oleh burung walet di sekitar sarang Anda.</p>



<p>Namun, pastikan untuk tidak mengganggu sarang burung walet ketika menempatkan aroma di sekitar sarang. Anda juga perlu memperhatikan jumlah dan frekuensi penggunaan aroma, karena penggunaan yang berlebihan dapat menyebabkan burung walet merasa terganggu.</p>



<p></p>



<h2 class="has-medium-font-size">Saran</h2>



<p>Jika Anda ingin menarik burung walet ke sarang Anda, pastikan untuk memperhatikan kebutuhan aroma burung walet. Penggunaan aroma yang disukai oleh burung walet dapat membantu menjaga keseimbangan dan kesejahteraan burung walet di sekitar Anda.</p>



<p>Namun, selain menggunakan aroma yang disukai burung walet, pastikan juga untuk menjaga kebersihan dan keamanan sarang burung walet. Hindari mengganggu sarang burung walet atau melakukan tindakan yang dapat mengganggu aktivitas burung walet di sekitar sarang.</p>



<p>Dengan menjaga keseimbangan dan kesejahteraan burung walet, Anda tidak hanya membantu menjaga populasi burung walet tetap stabil, tetapi juga memberikan manfaat bagi lingkungan sekitar. Burung walet dapat membantu mengendalikan populasi serangga di sekitar Anda dan meningkatkan keseimbangan ekosistem di sekitar Anda.</p>



<p></p>



<h2 class="has-medium-font-size">Kesimpulan</h2>



<p>Aroma yang disukai oleh burung walet sangat penting untuk menjaga kesejahteraan dan keseimbangan populasi burung walet di sekitar Anda. Aroma yang disukai oleh burung walet termasuk aroma bunga seperti melati atau mawar, serta aroma herbal seperti daun pandan dan daun kemangi.</p>



<p>Anda dapat menggunakan aroma yang disukai oleh burung walet untuk menarik mereka ke sarang Anda, seperti menggunakan parfum walet yang mengandung aroma yang disukai oleh burung walet atau menempatkan bunga-bunga atau daun-daun yang mengandung aroma di sekitar sarang. Pastikan untuk menggunakan aroma dengan bijak dan tidak mengganggu sarang burung walet.</p>



<p>Dengan memperhatikan kebutuhan aroma burung walet dan menjaga keseimbangan dan kesejahteraan burung walet di sekitar Anda, Anda tidak hanya membantu menjaga populasi burung walet tetap stabil, tetapi juga memberikan manfaat bagi lingkungan sekitar.</p>
]]></content:encoded>
					
					<wfw:commentRss>/2023/02/27/bau-apa-yang-disukai-burung-walet/feed/</wfw:commentRss>
			<slash:comments>0</slash:comments>
		
		
			</item>
		<item>
		<title>Pengenalan Tentang Parfum Pemikat Burung Walet</title>
		<link>/2023/02/27/pengenalan-tentang-parfum-pemikat-burung-walet/</link>
					<comments>/2023/02/27/pengenalan-tentang-parfum-pemikat-burung-walet/#respond</comments>
		
		<dc:creator><![CDATA[faishal.galip]]></dc:creator>
		<pubDate>Mon, 27 Feb 2023 06:06:53 +0000</pubDate>
				<category><![CDATA[Tak Berkategori]]></category>
		<guid isPermaLink="false">/?p=2062</guid>

					<description><![CDATA[Parfum pemikat burung walet adalah produk yang banyak dicari oleh para pemilik sarang burung walet. Parfum ini biasanya digunakan untuk menarik perhatian burung walet agar bisa membuat sarang di lokasi yang diinginkan. Pemilik sarang walet menggunakan parfum pemikat ini untuk memastikan sarang walet mereka terus berkembang dan meningkatkan produksi sarang walet mereka. Bahan-bahan yang digunakan &#8230;<p class="read-more"> <a class="" href="/2023/02/27/pengenalan-tentang-parfum-pemikat-burung-walet/"> <span class="screen-reader-text">Pengenalan Tentang Parfum Pemikat Burung Walet</span> Selengkapnya &#187;</a></p>]]></description>
										<content:encoded><![CDATA[
<figure class="wp-block-image size-full is-resized"><img decoding="async" src="/wp-content/uploads/2023/02/Parfum-walet-3.png" alt="" class="wp-image-2072" width="633" height="476"/></figure>



<p>Parfum pemikat burung walet adalah produk yang banyak dicari oleh para pemilik sarang burung walet. Parfum ini biasanya digunakan untuk menarik perhatian burung walet agar bisa membuat sarang di lokasi yang diinginkan. Pemilik sarang walet menggunakan parfum pemikat ini untuk memastikan sarang walet mereka terus berkembang dan meningkatkan produksi sarang walet mereka.</p>



<p></p>



<h2 class="has-medium-font-size">Bahan-bahan yang digunakan dalam Parfum Pemikat Burung Walet</h2>



<p>Bahan-bahan yang digunakan dalam parfum pemikat burung walet biasanya bersifat alami dan diambil dari tumbuhan serta bahan organik lainnya. Beberapa bahan yang sering digunakan untuk membuat parfum pemikat burung walet antara lain minyak atsiri dari bunga kenanga, minyak cendana, minyak jarak, dan campuran bahan organik lainnya.</p>



<p>Minyak atsiri bunga kenanga dikenal memiliki aroma yang khas dan lembut, sehingga cocok digunakan sebagai bahan dalam parfum pemikat burung walet. Sementara itu, minyak cendana juga memiliki aroma yang kuat dan manis yang dapat menarik perhatian burung walet.</p>



<p></p>



<h2 class="has-medium-font-size">Cara Pembuatan Parfum Pemikat Burung Walet</h2>



<p>Untuk membuat parfum pemikat burung walet, bahan-bahan alami tersebut dicampur dan diolah dengan teknik tertentu untuk menghasilkan aroma yang tepat. Cara pembuatan parfum pemikat burung walet biasanya melibatkan proses penyulingan dan pengolahan bahan-bahan alami tersebut.</p>



<p>Bahan-bahan alami yang telah dicampur kemudian diolah dengan menggunakan teknik penyulingan untuk memperoleh minyak atsiri yang terkandung di dalamnya. Minyak atsiri ini kemudian dicampur dengan bahan organik lainnya untuk menghasilkan aroma yang tepat dan berkualitas.</p>



<p>Setelah proses pengolahan selesai, parfum pemikat burung walet dapat diaplikasikan pada lokasi yang diinginkan dengan cara disemprotkan atau diuapkan. Para pemilik sarang walet biasanya menggunakan parfum pemikat ini di lokasi yang disukai burung walet, seperti di dalam gua-gua atau bangunan yang khusus dibuat untuk menampung sarang walet.</p>



<h2 class="has-medium-font-size">Keuntungan Menggunakan Parfum Pemikat Burung Walet</h2>



<p>Menggunakan parfum pemikat burung walet memiliki banyak keuntungan bagi pemilik sarang walet. Keuntungan pertama adalah dapat menarik perhatian burung walet untuk membuat sarang di lokasi yang diinginkan. Dengan menggunakan parfum pemikat ini, pemilik sarang walet dapat memastikan bahwa burung walet akan berkumpul dan membuat sarang di lokasi yang diinginkan.</p>



<p>Keuntungan kedua adalah meningkatkan produksi sarang walet. Dengan membuat sarang di lokasi yang diinginkan, burung walet akan merasa nyaman dan aman, sehingga akan membuat sarang yang lebih banyak dan berkualitas. Hal ini akan meningkatkan produksi sarang walet dan meningkatkan penghasilan bagi pemilik sarang walet.</p>



<p>Keuntungan ketiga adalah menjaga kualitas sarang walet. Dengan membuat sarang di lokasi yang diinginkan, pemilik sarang walet dapat memastikan bahwa sarang walet mereka bersih dan berkualitas tinggi. Hal ini akan meningkatkan harga jual sarang walet dan meningkatkan penghasilan bagi pemilik sarang walet.</p>



<h2 class="has-medium-font-size">Cara Penggunaan Parfum Pemikat Burung Walet</h2>



<p>Cara penggunaan parfum pemikat burung walet sangat mudah. Parfum ini dapat diaplikasikan pada lokasi yang diinginkan dengan cara ditaburkan atau diuapkan. Sebelum mengaplikasikan parfum pemikat, pastikan lokasi yang dipilih sesuai dengan kebutuhan burung walet.</p>



<p>Untuk mengaplikasikan parfum pemikat, pertama-tama semprotkan parfum pada bagian dalam gua atau bangunan yang khusus dibuat untuk menampung sarang walet. Pastikan untuk menyemprotkan parfum dengan jumlah yang tepat dan merata pada seluruh area.</p>



<p>Setelah itu, biarkan aroma parfum menyebar dan menarik perhatian burung walet. Selama beberapa waktu, burung walet akan datang dan berkumpul di lokasi yang telah disemprotkan parfum. Setelah burung walet terlihat nyaman dengan lokasi tersebut, mereka akan mulai membuat sarang.</p>



<h2 class="has-medium-font-size">Hal yang Perlu Diperhatikan Dalam Menggunakan Parfum Pemikat Burung Walet</h2>



<p>Parfum pemikat burung walet ini sangat penting bagi para pemilik sarang walet, karena dapat membantu meningkatkan produksi sarang dan penghasilan. Selain itu, penggunaan parfum ini juga dapat membantu menjaga kualitas sarang walet yang lebih baik, sehingga meningkatkan harga jual sarang walet.</p>



<p>Namun, sebagai pengguna parfum pemikat burung walet, kita juga harus memperhatikan beberapa hal penting. Pertama, pastikan bahwa lokasi yang dipilih untuk disemprotkan parfum ini aman dan cocok untuk burung walet. Hindari lokasi yang terlalu dekat dengan area yang bising atau bau yang tidak sedap.</p>



<p>Kedua, pastikan untuk tidak menggunakan parfum ini secara berlebihan. Penggunaan parfum yang berlebihan dapat memberikan efek yang tidak diinginkan, seperti membuat burung walet tidak nyaman atau bahkan tidak datang sama sekali.</p>



<p>Ketiga, pastikan untuk menggunakan parfum pemikat burung walet yang berkualitas dan terjamin keamanannya. Pilihlah parfum yang terbuat dari bahan-bahan alami dan dihasilkan oleh produsen yang terpercaya.</p>



<h2 class="has-medium-font-size">Kesimpulan</h2>



<p>Parfum pemikat burung walet adalah produk yang digunakan untuk menarik perhatian burung walet agar bisa membuat sarang di lokasi yang diinginkan. Parfum ini terbuat dari bahan-bahan alami seperti minyak atsiri bunga kenanga, minyak cendana, minyak jarak, dan bahan organik lainnya. Keuntungan menggunakan parfum ini adalah dapat menarik perhatian burung walet, meningkatkan produksi sarang walet, dan menjaga kualitas sarang walet. Cara penggunaannya sangat mudah, yaitu dengan cara disemprotkan atau diuapkan pada lokasi yang diinginkan. Namun, penggunaan parfum ini juga harus dilakukan dengan hati-hati dan memperhatikan beberapa hal penting, agar tidak menimbulkan efek yang tidak diinginkan.</p>
]]></content:encoded>
					
					<wfw:commentRss>/2023/02/27/pengenalan-tentang-parfum-pemikat-burung-walet/feed/</wfw:commentRss>
			<slash:comments>0</slash:comments>
		
		
			</item>
		<item>
		<title>Parfum Walet, Aroma Khas Dari Kesenangan Burung Walet</title>
		<link>/2023/02/27/parfum-walet-aroma-khas-dari-kesenangan-burung-walet/</link>
					<comments>/2023/02/27/parfum-walet-aroma-khas-dari-kesenangan-burung-walet/#respond</comments>
		
		<dc:creator><![CDATA[faishal.galip]]></dc:creator>
		<pubDate>Mon, 27 Feb 2023 03:54:06 +0000</pubDate>
				<category><![CDATA[Tak Berkategori]]></category>
		<guid isPermaLink="false">/?p=2058</guid>

					<description><![CDATA[Keunikan Aroma Parfum Walet Yang Menarik Perhatian Aroma parfum pemikat burung walet memiliki keunikan tersendiri yang membedakannya dari jenis parfum lainnya. Aroma parfum ini dirancang khusus untuk menarik perhatian burung walet agar lebih tertarik dan bersemayam di dalam sarang yang telah dibuat. Keunikan aroma parfum pemikat burung walet terletak pada bahan-bahan alami yang digunakan dalam &#8230;<p class="read-more"> <a class="" href="/2023/02/27/parfum-walet-aroma-khas-dari-kesenangan-burung-walet/"> <span class="screen-reader-text">Parfum Walet, Aroma Khas Dari Kesenangan Burung Walet</span> Selengkapnya &#187;</a></p>]]></description>
										<content:encoded><![CDATA[
<figure class="wp-block-image size-full is-resized"><img decoding="async" src="/wp-content/uploads/2023/02/walet-129210-1.jpg" alt="" class="wp-image-2064" width="1041" height="607"/></figure>



<h2 class="has-medium-font-size"><strong>Keunikan Aroma Parfum Walet Yang Menarik Perhatian</strong></h2>



<p>Aroma parfum pemikat burung walet memiliki keunikan tersendiri yang membedakannya dari jenis parfum lainnya. Aroma parfum ini dirancang khusus untuk menarik perhatian burung walet agar lebih tertarik dan bersemayam di dalam sarang yang telah dibuat.</p>



<p>Keunikan aroma parfum pemikat burung walet terletak pada bahan-bahan alami yang digunakan dalam pembuatannya. Aroma parfum ini tidak mengandung bahan kimia berbahaya yang dapat membahayakan burung walet atau lingkungan sekitar. Sebaliknya, aroma parfum ini dibuat dari bahan-bahan alami yang umumnya aman dan tidak berbahaya bagi burung walet.</p>



<p></p>



<h2 class="has-medium-font-size">Mekanisme Kerja Parfum Pemikat Burung Walet dan Manfaatnya</h2>



<p>Bisnis sarang burung walet membutuhkan banyak burung walet untuk menjamin produktivitas dan profit yang maksimal. Namun, menarik burung walet untuk kembali ke sarangnya bukanlah hal yang mudah. Oleh karena itu, para pengusaha sarang burung walet menggunakan berbagai cara, termasuk menggunakan parfum pemikat burung walet.</p>



<p>Parfum pemikat burung walet bekerja dengan cara mengeluarkan aroma khas yang menarik perhatian burung walet untuk kembali ke sarangnya. Aroma parfum ini biasanya terbuat dari bahan-bahan alami yang berasal dari kotoran burung walet dan bahan-bahan lainnya yang berasal dari alam.</p>



<p>Selain dapat meningkatkan produktivitas bisnis sarang burung walet, parfum pemikat burung walet juga memiliki manfaat lainnya. Beberapa manfaat yang bisa didapatkan dari penggunaan parfum pemikat burung walet adalah:</p>



<ol>
<li>Menghemat waktu dan tenaga. Dengan menggunakan parfum pemikat burung walet, para pengusaha sarang burung walet dapat menghemat waktu dan tenaga yang sebelumnya digunakan untuk menarik burung walet.</li>



<li>Mengurangi stress pada burung walet. Parfum pemikat burung walet dapat membantu mengurangi stress pada burung walet yang mungkin kesulitan untuk kembali ke sarangnya.</li>



<li>Mempercepat proses pengumpulan sarang burung walet. Dengan menarik lebih banyak burung walet untuk kembali ke sarangnya, proses pengumpulan sarang burung walet pun menjadi lebih cepat.</li>
</ol>



<p></p>



<h3 class="has-medium-font-size">Tips Memilih Parfum Pemikat Burung Walet Yang Tepat</h3>



<p>Untuk memilih parfum pemikat burung walet yang tepat, ada beberapa hal yang perlu diperhatikan, di antaranya:</p>



<ol>
<li>Pilih parfum yang terbuat dari bahan-bahan alami. Parfum yang terbuat dari bahan-bahan alami lebih baik karena tidak menimbulkan dampak negatif pada burung walet.</li>



<li>Pilih parfum yang memiliki aroma yang khas dan menarik perhatian burung walet. Aroma yang khas dan menarik perhatian burung walet akan lebih efektif dalam menarik burung walet kembali ke sarangnya.</li>



<li>Pastikan parfum pemikat burung walet yang dipilih memiliki sertifikasi resmi. Hal ini untuk memastikan bahwa parfum tersebut aman digunakan dan telah lolos uji coba.</li>



<li>Pastikan parfum pemikat burung walet yang dipilih sesuai dengan jenis burung walet yang menjadi target. Setiap jenis burung walet memiliki aroma yang berbeda-beda, sehingga diperlukan parfum yang sesuai dengan jenis burung walet yang menjadi target.</li>



<li>Pilih parfum pemikat burung walet yang mudah digunakan. Parfum yang mudah digunakan akan memudahkan para pengusaha sarang burung walet dalam mengaplikasikannya di sekitar sarang burung walet.</li>
</ol>



<p>Dengan memilih parfum pemikat burung walet yang tepat dan menggunakannya dengan benar, para pengusaha sarang burung walet dapat meningkatkan produktivitas bisnis mereka dengan cara yang lebih efektif dan efisien.</p>



<p>Dalam menggunakan parfum pemikat burung walet, para pengusaha sarang burung walet perlu memperhatikan dosis yang tepat. Penggunaan dosis yang berlebihan dapat menyebabkan burung walet merasa tidak nyaman dan bahkan dapat menyebabkan kematian burung walet. Oleh karena itu, pastikan untuk mengikuti petunjuk penggunaan yang terdapat pada kemasan parfum pemikat burung walet yang digunakan.</p>



<p>Selain itu, penggunaan parfum pemikat burung walet juga perlu diimbangi dengan perawatan yang baik terhadap sarang burung walet. Pastikan sarang burung walet tetap bersih dan terawat dengan baik agar burung walet merasa nyaman dan kembali ke sarangnya dengan lebih cepat.</p>



<p>Dalam memilih parfum pemikat burung walet yang tepat, para pengusaha sarang burung walet dapat mencari referensi dari sumber yang terpercaya atau berkonsultasi dengan ahli sarang burung walet. Dengan memilih parfum pemikat burung walet yang tepat dan menggunakannya dengan benar, para pengusaha sarang burung walet dapat meningkatkan produktivitas bisnis mereka dengan cara yang lebih efektif dan efisien.</p>



<p></p>



<h3 class="has-medium-font-size">Produk Parfum Pemikat Burung Walet Terbaik</h3>



<p>Saat ini, sudah banyak produk parfum pemikat burung walet yang tersedia di pasaran. Namun, tidak semua produk parfum pemikat burung walet dapat memberikan hasil yang maksimal. Dalam memilih produk parfum pemikat burung walet yang tepat, pastikan untuk memperhatikan kualitas produk dan juga dosis yang diperlukan. Selain itu, pastikan juga untuk memperhatikan keamanan produk dan tidak menggunakan produk yang mengandung bahan berbahaya atau tidak jelas asal-usulnya. Berikut ini adalah  produk parfum pemikat burung walet terbaik yang dapat dipilih oleh para pengusaha sarang burung walet.</p>



<p><strong>NH3X SUPER PARFUM PEMIKAT WALET</strong></p>



<figure class="wp-block-image size-full is-resized"><img decoding="async" src="/wp-content/uploads/2023/02/Parfum-walet-2.png" alt="" class="wp-image-2059" width="563" height="423"/></figure>



<p>Parfum yang diproduksi langsung oleh Markas Walet PT Lentera Alam Nusantara. Markas walet merupakan perusahaan yang bergerak di bidang penyediaan parfum walet berkualitas tinggi. Hingga saat ini, dipercaya oleh para pembudidaya walet Indonesia dalam meningkatkan jumlah ekor yang akan dibudidayakan tiap tahunnya. Merupakan produk berkualitas yang sangat praktis &amp; mudah untuk digunakan. Salah satu cara efektif untuk mendatangkan Walet agar masuk dalam tempat yaitu menggunakan teknik aromatic dan salah satunya ialah dengan menggunakan Parfum Walet ini.</p>



<p></p>



<h2 class="has-medium-font-size">Kesimpulan</h2>



<p>Parfum pemikat burung walet merupakan salah satu cara yang efektif untuk meningkatkan produktivitas bisnis sarang burung walet. Dalam memilih parfum pemikat burung walet yang tepat, pastikan untuk memperhatikan jenis burung walet yang menjadi target, kualitas produk, dan dosis yang diperlukan. Selain itu, pastikan juga untuk menjaga kebersihan dan perawatan sarang burung walet agar burung walet merasa nyaman dan kembali ke sarangnya dengan cepat. Dengan memilih parfum pemikat burung walet yang tepat dan menggunakannya dengan benar, para pengusaha sarang burung walet dapat meningkatkan produktivitas bisnis mereka secara efektif dan efisien.</p>
]]></content:encoded>
					
					<wfw:commentRss>/2023/02/27/parfum-walet-aroma-khas-dari-kesenangan-burung-walet/feed/</wfw:commentRss>
			<slash:comments>0</slash:comments>
		
		
			</item>
		<item>
		<title>Halo dunia!</title>
		<link>/2023/02/23/halo-dunia/</link>
					<comments>/2023/02/23/halo-dunia/#comments</comments>
		
		<dc:creator><![CDATA[faishal.galip]]></dc:creator>
		<pubDate>Thu, 23 Feb 2023 05:48:40 +0000</pubDate>
				<category><![CDATA[Tak Berkategori]]></category>
		<guid isPermaLink="false">/?p=1</guid>

					<description><![CDATA[Selamt datang di WordPress. Ini adalah pos pertama Anda. Sunting atau hapus, kemudian mulai menulis!]]></description>
										<content:encoded><![CDATA[
<p>Selamt datang di WordPress. Ini adalah pos pertama Anda. Sunting atau hapus, kemudian mulai menulis!</p>
]]></content:encoded>
					
					<wfw:commentRss>/2023/02/23/halo-dunia/feed/</wfw:commentRss>
			<slash:comments>1</slash:comments>
		
		
			</item>
	</channel>
</rss>
