<?xml version="1.0" encoding="UTF-8"?><rss version="2.0"
	xmlns:content="http://purl.org/rss/1.0/modules/content/"
	xmlns:dc="http://purl.org/dc/elements/1.1/"
	xmlns:atom="http://www.w3.org/2005/Atom"
	xmlns:sy="http://purl.org/rss/1.0/modules/syndication/"
	
	>
<channel>
	<title>
	Komentar di: Pengenalan Tentang Parfum Pemikat Burung Walet	</title>
	<atom:link href="/2023/02/27/pengenalan-tentang-parfum-pemikat-burung-walet/feed/" rel="self" type="application/rss+xml" />
	<link>/2023/02/27/pengenalan-tentang-parfum-pemikat-burung-walet/</link>
	<description></description>
	<lastBuildDate>Mon, 27 Feb 2023 06:06:53 +0000</lastBuildDate>
	<sy:updatePeriod>
	hourly	</sy:updatePeriod>
	<sy:updateFrequency>
	1	</sy:updateFrequency>
	<generator>https://wordpress.org/?v=6.1.1</generator>
</channel>
</rss>
